pano|pmes|conglome|submuestra|vivienda|hogar|codperso|dominio|estrato|codpanel|p103|p104|p105|p106|p107|p108|p109a|p109b|p109c|p200n|p200i|p200a|p200b|p200bb|p200c|p200d|p200dd|p200e|p200f|p200g|p201|p202|p203|p204|p2041|p2042|p2043|p2044|p2045|p2046|p2047|p2048|p2049|p20410|p204a|p205a|p206|P206AA|p207a|p207b|p208b1|p208b2|p208b3|p209a|p209b|p209c|p209d|p209e|p209f|p209g|p209t|p209bb|p209cc|p209h|p209ee|p210|p211a|p211b|p212a|p212b|p212c|p212d|p212e|p213|p214|p215|p216|p217|p218|p219|p220|p222|P223A1|P223A2|P223A3|P223A4|P223A5|P223A6|P223A7|P224|P225|ocu200|i211a|i211b|i212a|i212b|i212c|i212d|ingtot|ingprin|resident|fa_jja20
2020|06|017299|004|0120|11|01||5|19061101|1|1|2||1|49|6|5||1|1|7|6|2020|13|6|2020|15|3|1971|1||||||||||||||778|4330|2||1|1|||2018|0|0|0|8|0|0|0|8|2|48|1|2||||320|0|||1|||||||||6|0|0|0|0|0|0|1|6|4|1|||320|0|||320|320|1|182.415386327361
2020|06|017299|004|0120|11|02||5|19061102|2|1|2||2|44|6|5||2|2|7|6|2020|13|6|2020|2|4|1976|2|2|2||2|2|2|2|2|2|2|2|2|2||||||||||||||||||||||||||||||2|5|2|||0||1|6|0|0|0|0|0|0|1|6|4|4|||||||||1|309.916795463178
2020|06|017299|004|0120|11|03||5|19061103|3|1|2||2|15|5|1||3|2|7|6|2020|13|6|2020|12|2|2005|2|2|2||2|2|2|2|2|2|2|2|2|2||||||||||||||||||||||||||||||2|4|2|||0||2|6|0|0|0|0|0|0|1|6|4|4|||||||||1|322.78468772478
2020|06|017299|004|0120|11|04||5|19061104|3|1|2||2|12|4||6||||||||||||||||||||||||||||||||||||||||||||||||||||||||||||||||||||||||||||||||||1|
2020|06|017299|004|0123|11|01||5|19061101|1|1|2||2|58|10|5||1|1|7|6|2020|13|6|2020|15|11|1961|1||||||||||||||239|8610|3|2|2||||1993|0|12|0|12|0|12|0|36|1||2|2|4|3500|0|||||1|||||||||1|0|0|0|0|0|0|1|6|4|1|3500|0|||||3500|3500|1|183.181506555331
2020|06|017299|004|0123|11|02||5|19061102|3|1|2||2|32|10|5||2|1|7|6|2020|13|6|2020|24|1|1988|1||||||||||||||251|6920|2||1|2|||2014|0|8|8|8|8|8|4|44|1||1|2||||1000|0|390|0|0|||||||||2|0|0|0|0|0|0|1|6|4|1|||1000|0|390|0|1390|1000|1|309.916795463178
2020|06|017299|004|0123|11|03||5|19061103|4|1|2||1|33|9|2||3|3|7|6|2020|13|6|2020|17|4|1987|1||||||||||||||381|2220|3|5|1|30|||2017|0|8|8|8|8|8|0|40|1||1|2|4|2000|0|||||1|||||||||1|0|0|0|0|0|0|1|6|4|1|2000|0|||||2000|2000|1|337.298078421105
2020|06|017299|004|0123|11|04||5|19061104|10|1|2||1|16|5|3||4|1|7|6|2020|13|6|2020|99|10|2003|2|2|2||2|2|2|2|2|2|2|2|2|2||||||||||||||||||||||||||||||2|4|2|||0||2|6|0|0|0|0|0|0|1|6|4|4|||||||||1|315.203088825717
2020|06|017299|004|0123|11|05||5|19061105|10|1|2||1|10|3||4||||||||||||||||||||||||||||||||||||||||||||||||||||||||||||||||||||||||||||||||||1|
2020|06|017299|004|0123|11|06||5|19061106|10|1|2||2|3|||||||||||||||||||||||||||||||||||||||||||||||||||||||||||||||||||||||||||||||||||||1|
2020|06|017299|004|0152|11|01||5|19061101|1|1|2||2|42|6|5||1|1|7|6|2020|13|6|2020|1|4|1978|1||||||||||||||952|8790|3|2|2||||2013|8|8|8|8|8|8|8|56|1||2|2|4|930|0|||||1|||||||||1|0|0|0|0|0|0|1|1|1|1|930|0|||||930|930|1|309.916795463178
2020|06|017299|004|0152|11|02||5|19061102|3|1|2||2|17|6|5||2|2|7|6|2020|13|6|2020|24|4|2003|2|2|2||2|2|2|2|2|2|2|2|2|2||||||||||||||||||||||||||||||2|5|2|||0||2|1|0|0|0|0|0|0|1|6|4|4|||||||||1|322.78468772478
2020|06|017299|004|0152|11|03||5|19061103|3|1|2||1|2|||||||||||||||||||||||||||||||||||||||||||||||||||||||||||||||||||||||||||||||||||||1|
2020|06|017300|004|0097|11|01||5|19061101|1|1|2||1|47|6|5||1|2|14|6|2020|20|6|2020|3|4|1973|1||||||||||||||864|4330|2||1|1|||1999|0|8|8|8|8|8|8|48|1||1|2||||1000|0|||1|||||||||6|0|0|0|0|0|0|1|6|4|1|||1000|0|||1000|1000|1|162.286791973997
2020|06|017300|004|0097|11|02||5|19061102|2|1|2||2|45|5|3||2|2|21|6|2020|27|6|2020|4|4|1975|2|2|2||2|2|2|2|2|2|2|2|2|2||||||||||||||||||||||||||||||2|5|2|||0||1|5|0|0|0|0|0|0|1|6|4|4|||||||||1|162.968374797502
2020|06|017300|004|0097|11|03||5|19061103|3|1|2||1|4|||||||||||||||||||||||||||||||||||||||||||||||||||||||||||||||||||||||||||||||||||||1|
2020|06|017300|004|0098|11|01||5|19061101|1|1|2||2|49|6|5||1|1|21|6|2020|27|6|2020|3|10|1970|1||||||||||||||941|9700|6||1|2|12|11|2019|0|0|0|0|0|7|0|7|1||1|2|4|346|52|||||1|||||||||6|0|0|0|0|0|0|1|1|4|1|346|52|||||398|398|1|162.968374797502
2020|06|017300|004|0098|11|02||5|19061102|2|1|2||1|62|6|5||2|2|21|6|2020|27|6|2020|28|1|1958|1||||||||||||||945|8411|4|2|2||1|3|2018|0|10|10|10|10|10|5|55|1||1|1|4|930|0|||||1|||||||||1|0|0|0|0|0|0|1|2|4|1|930|0|||||930|930|1|162.286791973997
2020|06|017300|004|0098|11|03||5|19061103|3|1|2||1|26|6|5||3|2|21|6|2020|27|6|2020|28|8|1993|1||||||||||||||391|7410|3|5|1|2|15|6|2020|0|8|8|8|8|8|8|48|1||1|1|2|180|0|||||1|||||||||5|0|0|0|0|0|0|1|6|4|1|779|0|||||779|779|1|300.078980112569
2020|06|017300|004|0098|11|04||5|19061104|3|1|2||1|22|8|3||4|2|21|6|2020|27|6|2020|5|12|1997|2|2|2||2|2|2|2|2|2|2|2|2|2||||||||||||||||||||||||||||||1|||||7|2|2|5|0|0|0|0|0|0|1|6|4|2|||||||||1|280.422058334604
2020|06|017300|004|0098|11|05||5|19061105|3|1|2||2|17|5|4||5|5|14|6|2020|20|6|2020|20|7|2002|2|2|2||2|2|2|2|2|2|2|2|2|2||||||||||||||||||||||||||||||2|4|2|||0||1|6|0|0|0|0|0|0|1|6|4|4|||||||||1|287.167067010321
2020|06|017300|004|0098|11|06||5|19061106|3|1|2||1|11|3||5||||||||||||||||||||||||||||||||||||||||||||||||||||||||||||||||||||||||||||||||||1|
2020|06|017300|004|0102|11|01||5|19061101|1|1|2||2|52|6|5||1|1|14|6|2020|20|6|2020|10|4|1968|1||||||||||||||942|8121|4|4|2||||2018|0|8|8|8|8|8|8|48|1||1|2|4|930|0|||||1|||||||||1|0|0|0|0|0|0|1|6|4|1|930|0|||||930|930|1|162.968374797502
2020|06|017300|004|0102|11|02||5|19061102|3|1|2||2|29|6|5||2|1|14|6|2020|20|6|2020|26|7|1990|2|2|2||2|2|2|2|2|2|2|2|2|2||||||||||||||||||||||||||||||2|5|2|||0||1|5|0|0|0|0|0|0|1|6|4|4|||||||||1|275.719080101724
2020|06|017300|004|0102|11|03||5|19061103|3|1|2||1|27|5|3||3|3|14|6|2020|20|6|2020|20|8|1992|1||||||||||||||832|1811|4|5|1|3|||2016|0|8|8|8|8|8|8|48|1||1|1|2|350|48|||||1|||||||||6|0|0|0|0|0|0|1|6|4|1|1516|208|||||1724|1724|1|300.078980112569
2020|06|017300|004|0103|11|01||5|19061103|1|1|2||2|23|9|1||1|1|14|6|2020|20|6|2020|28|9|1996|2|2|2||2|2|2|2|2|2|2|2|2|2||||||||||||||||||||||||||||||2|4|2|||0||1|5|0|0|0|0|0|0|1|6|4|4|||||||||1|287.167067010321
2020|06|017300|004|0103|11|02||5|19061104|11|1|2||1|20|9|1||2|1|21|6|2020|27|6|2020|24|12|1999|2|2|2||2|2|2|2|2|2|2|2|2|2||||||||||||||||||||||||||||||2|4|1|2||0||2|5|0|0|0|0|0|0|1|6|4|4|||||||||1|280.422058334604
2020|06|017326|001|0006|11|01||5|18061101|1|1|1||1|41|6|5||||||||||||||||||||||||||||||||||||||||||||||||||||||||||||||||||||||||||||||||||||
2020|06|017326|001|0006|11|02||5|18061102|2|1|2||2|35|6|5||2|2|31|5|2020|6|6|2020|24|11|1984|2|2|2||2|2|2|2|2|2|2|2|2|2||||||||||||||||||||||||||||||2|5|2|||||1|5|0|0|0|0|0|0|1|1|1|4|||||||||1|447.946964871148
2020|06|017326|001|0006|11|03||5|18061103|3|1|2||1|16|5|4||3|3|31|5|2020|6|6|2020|27|1|2004|2|2|2||2|2|2|2|2|2|2|2|2|2||||||||||||||||||||||||||||||2|4|2|||0||2|5|0|0|0|0|0|0|1|6|4|4|||||||||1|455.587657798516
2020|06|017326|001|0006|11|04||5|18061104|3|1|2||2|13|5|1|||||||||||||||||||||||||||||||||||||||||||||||||||||||||||||||||||||||||||||||||||1|
2020|06|017326|001|0008|11|01||5|18061101|1|1|2||1|52|3||2|1|1|31|5|2020|6|6|2020|8|2|1968|1||||||||||||||861|4100|4|5|1|30|||2011|0|8|8|8|8|8|8|48|1||1|2|2|250|0|||||1|||||||||5|0|0|0|0|0|0|1|6|4|1|1083|0|||||1083|1083|1|263.659213851312
2020|06|017326|001|0008|11|02||5|18061102|2|1|2||2|59|4|5||2|2|31|5|2020|6|6|2020|29|12|1960|1||||||||||||||574|4781|2||1|1|||2003|12|12|12|12|12|12|12|84|1||1|2||||758|364|303|0|0|||||||||5|0|0|0|0|0|0|1|1|1|1|||758|364|303|0|1425|1122|1|264.766547290059
2020|06|017326|001|0008|11|03||5|18061103|3|1|2||2|26|8|3||3|3|31|5|2020|6|6|2020|16|9|1993|2|2|2||2|2|2|2|2|2|2|2|2|2||||||||||||||||||||||||||||||1|||||7|4|1|6|0|0|0|0|0|0|1|6|4|2|||||||||1|447.946964871148
2020|06|017326|001|0008|11|04||5|18061104|3|1|2||2|23|8|3||4|4|31|5|2020|6|6|2020|6|12|1996|2|1|||||||||||||419|6419|3|5|2||15|5|2019|0|0|0|0|0|0|0|0|2|45|2|2|4|950|0|||||1|||||||||1|0|0|0|0|0|0|1|6|4|1|950|0|||||950|950|1|466.545935198841
2020|06|017326|001|0008|11|05||5|18061105|3|1|2||1|11|3||5||||||||||||||||||||||||||||||||||||||||||||||||||||||||||||||||||||||||||||||||||1|
2020|06|017326|001|0008|11|06||5|18061106|3|1|2||2|31|6|5||6|2|31|5|2020|6|6|2020|20|6|1988|2|2|2||2|2|2|2|2|2|2|2|2|2||||||||||||||||||||||||||||||2|5|2|||0||1|6|0|0|0|0|0|0|1|6|4|4|||||||||1|447.946964871148
2020|06|017326|001|0008|11|07||5|18061107|10|1|2||2|12|4||6||||||||||||||||||||||||||||||||||||||||||||||||||||||||||||||||||||||||||||||||||1|
2020|06|017326|001|0008|11|08||5|19061108|10|1|2||2|2|||||||||||||||||||||||||||||||||||||||||||||||||||||||||||||||||||||||||||||||||||||1|
2020|06|017326|001|0010|11|01||5|18061101|1|1|2||1|61|4|5||1|3|31|5|2020|6|6|2020|24|8|1958|2|2|2||2|2|2|2|2|2|2|2|2|2||||||||||||||||||||||||||||||2|7|2|||0||1|6|0|0|0|0|0|0|1|1|1|4|||||||||1|263.659213851312
2020|06|017326|001|0010|11|02||5|18061102|2|1|2||2|54|4|5||2|3|31|5|2020|6|6|2020|8|5|1966|2|2|2||2|2|2|2|2|2|2|2|2|2||||||||||||||||||||||||||||||2|5|2|||0||1|6|0|0|0|0|0|0|1|6|4|4|||||||||1|264.766547290059
2020|06|017326|001|0010|11|03||5|18061103|3|1|2||1|27|8|3||3|3|31|5|2020|6|6|2020|14|6|1992|1||||||||||||||911|4781|2||1|1|15|4|2020|0|8|8|8|8|8|8|48|1||1|2||||650|50|||1|||||||||5|0|0|0|0|0|0|1|6|4|1|||650|50|||700|700|1|487.523273012017
2020|06|017326|001|0010|11|04||5|18061104|3|1|2||1|17|6|5||4|3|31|5|2020|6|6|2020|20|8|2002|2|2|2||2|2|2|2|2|2|2|2|2|2||||||||||||||||||||||||||||||2|4|2|||0||1|6|0|0|0|0|0|0|1|6|4|4|||||||||1|455.587657798516
2020|06|017326|002|0033|11|01||5|20061101|1|1|2||1|35|7|1||1|1|14|6|2020|20|6|2020|15|9|1984|2|2|2||2|2|2|2|2|2|2|2|2|2||||||||||||||||||||||||||||||2|5|1|2||0||1|6|0|0|0|0|0|0|1|6|4|4|||||||||1|365.642454759013
2020|06|017326|002|0033|11|02||5|20061102|2|1|2||2|31|6|5||2|2|14|6|2020|20|6|2020|1|10|1988|2|2|2||2|2|2|2|2|2|2|2|2|2||||||||||||||||||||||||||||||2|5|1|2||0||1|6|0|0|0|0|0|0|1|6|4|4|||||||||1|335.960223653361
2020|06|017326|002|0033|11|03||5|20061103|3|1|2||1|13|5|1|||||||||||||||||||||||||||||||||||||||||||||||||||||||||||||||||||||||||||||||||||1|
2020|06|017326|002|0033|11|04||5|20061104|3|1|2||2|5|1||||||||||||||||||||||||||||||||||||||||||||||||||||||||||||||||||||||||||||||||||||1|
2020|06|017326|002|0033|11|05||5|20061105|6|1|2||1|20|6|5||5|2|14|6|2020|20|6|2020|25|2|2000|2|2|2||2|2|2|2|2|2|2|2|2|2||||||||||||||||||||||||||||||1|||||4|2|1|1|0|0|0|0|0|0|1|6|4|2|||||||||1|341.690743348887
2020|06|017326|002|0034|11|01||5|20061101|1|1|2||1|42|4||6|1|1|14|6|2020|20|6|2020|8|11|1977|2|2|2||2|2|2|2|2|2|2|2|2|2||||||||||||||||||||||||||||||2|5|2|||0||1|6|0|0|0|0|0|0|1|6|4|4|||||||||1|365.642454759013
2020|06|017326|002|0040|11|01||5|20061101|1|1|2||1|53|6|5||1|1|14|6|2020|20|6|2020|15|8|1966|2|2|2||2|2|2|2|2|2|2|2|2|2||||||||||||||||||||||||||||||2|5|2|||0||1|4|0|0|0|0|0|0|1|6|4|4|||||||||1|197.744410388484
2020|06|017326|002|0040|11|02||5|20061102|2|1|2||2|58|6|5||2|2|21|6|2020|27|6|2020|20|6|1962|2|2|2||2|2|2|2|2|2|2|2|2|2||||||||||||||||||||||||||||||2|5|2|||0||1|4|0|0|0|0|0|0|1|6|4|4|||||||||1|198.574910467544
2020|06|017326|002|0040|11|03||5|20061103|3|1|2||2|21|6|5||3|3|21|6|2020|27|6|2020|22|8|1998|1||||||||||||||23|8423|3|1|2||||2018|0|16|8|16|8|16|8|72|1||1|2|4|2800|0|||||1|||||||||4|0|0|0|0|0|0|1|6|4|1|2800|0|||||2800|2800|1|349.909451399131
2020|06|017326|002|0041|11|01||5|20061101|1|1|2||1|47|6|5||1|1|14|6|2020|20|6|2020|8|5|1973|2|2|2||2|1|2|2|2|2|2|2|2|2|885|4923|2||1|1|3|6|2020|0|0|0|0|8|0|0|8|1||1|2||||900|0|||1|||||||||5|0|0|0|0|0|0|1|1|1|1|||900|0|||900|900|1|197.744410388484
2020|06|017326|002|0041|11|02||5|20061102|2|1|2||2|50|5|3||2|2|14|6|2020|20|6|2020|31|1|1970|2|2|2||2|2|2|2|2|2|2|2|2|2||||||||||||||||||||||||||||||2|5|2|||0||1|5|0|0|0|0|0|0|1|1|1|4|||||||||1|198.574910467544
2020|06|017326|002|0041|11|03||5|20061103|3|1|2||1|19|6|5||3|3|14|6|2020|20|6|2020|27|10|2000|2|2|2||2|2|2|2|2|2|2|2|2|2||||||||||||||||||||||||||||||2|4|2|||0||1|5|0|0|0|0|0|0|1|6|4|4|||||||||1|341.690743348887
2020|06|017326|002|0041|11|04||5|20061104|3|1|2||2|21|8|3||4|4|14|6|2020|20|6|2020|9|9|1998|1||||||||||||||381|7830|3|4|2||19|10|2018|0|8|8|8|8|8|8|48|1||2|2|3|500|0|||||1|||||||||1|0|0|0|0|0|0|1|1|4|1|1000|0|||||1000|1000|1|349.909451399131
2020|06|017326|002|0041|11|05||5|20061105|3|1|2||1|23|6|5||5|5|14|6|2020|20|6|2020|8|3|1997|2|2|2||2|2|2|2|2|2|2|2|2|2||||||||||||||||||||||||||||||1|||||7|2|1|5|0|0|0|0|0|0|1|6|4|2|||||||||1|341.690743348887
2020|06|017326|002|0041|11|06||5|20061106|10|1|2||2|6|2||||||||||||||||||||||||||||||||||||||||||||||||||||||||||||||||||||||||||||||||||||1|
2020|06|017337|004|0084|11|01||4|19061101|1|1|2||1|43|4||6|1|1|14|6|2020|20|6|2020|10|8|1976|1||||||||||||||983|4100|4|5|1|2|14|6|2020|0|0|8|0|0|8|8|24|2|40|2|2|2|150|0|||||1|||||||||5|0|0|0|0|0|0|1|6|4|1|650|0|||||650|650|1|495.477883937821
2020|06|017337|004|0084|11|02||4|19061102|2|1|2||2|46|3||2|2|2|14|6|2020|20|6|2020|3|11|1973|2|2|2||2|2|2|2|2|2|2|2|2|2||||||||||||||||||||||||||||||2|5|2|||0||1|5|0|0|0|0|0|0|1|1|1|4|||||||||1|269.086576684449
2020|06|017337|004|0084|11|03||4|19061103|3|1|2||2|20|6|5||3|3|14|6|2020|20|6|2020|99|99|2000|2|2|2||2|2|2|2|2|2|2|2|2|2||||||||||||||||||||||||||||||2|4|2|||0||2|5|0|0|0|0|0|0|1|6|4|4|||||||||1|474.158272083999
2020|06|017337|004|0084|11|04||4|19061104|3|1|2||1|20|1|||4|3|14|6|2020|20|6|2020|99|99|2000|2|2|2||2|2|2|2|2|2|2|2|2|2||||||||||||||||||||||||||||||2|7|2|||0||2|5|0|0|0|0|0|1|0|6|4|4|||||||||1|463.021195356622
2020|06|017337|004|0084|11|05||4|19061105|3|1|2||2|16|5|2||5|5|14|6|2020|20|6|2020|11|9|2003|2|2|2||2|2|2|2|2|2|2|2|2|2||||||||||||||||||||||||||||||2|4|2|||0||2|5|0|0|0|0|0|0|1|6|4|4|||||||||1|474.158272083999
2020|06|017337|004|0084|11|06||4|19061106|3|1|2||2|5|1||||||||||||||||||||||||||||||||||||||||||||||||||||||||||||||||||||||||||||||||||||1|
2020|06|017337|004|0086|11|01||4|19061101|1|1|2||1|66|6|5||1|1|14|6|2020|20|6|2020|24|7|1953|2|2|2||2|2|2|2|2|2|2|2|2|2||||||||||||||||||||||||||||||2|5|2|||||1|1|0|0|0|0|0|0|1|6|3|4|||||||||1|267.96117558174
2020|06|017337|004|0086|11|02||4|19061102|2|1|2||2|68|4|5||2|2|14|6|2020|20|6|2020|9|5|1952|2|2|2||2|2|2|2|2|2|2|2|2|2||||||||||||||||||||||||||||||2|5|2|||0||1|1|0|0|0|0|0|0|1|1|1|4|||||||||1|269.086576684449
2020|06|017337|004|0096|11|01||4|19061101|1|1|2||2|57|4|5||1|1|14|6|2020|20|6|2020|30|12|1962|1||||||||||||||574|4782|2||1|1|||2000|9|9|9|9|9|9|9|63|1||1|2||||1516|10|||1|||||||||6|0|0|0|0|0|0|1|6|4|1|||1516|10|||1526|1526|1|269.086576684449
2020|06|017337|004|0096|11|02||4|20061102|2|1|2||1|59|6|5||2|2|21|6|2020|27|6|2020|6|9|1960|2|2|2||2|2|2|2|2|2|2|2|2|2||||||||||||||||||||||||||||||2|5|2|||0||1|6|0|0|0|0|0|0|1|6|4|4|||||||||1|267.96117558174
2020|06|017337|004|0096|11|03||4|19061102|3|1|2||2|26|10|5||3|3|14|6|2020|20|6|2020|15|7|1993|1||||||||||||||381|8423|3|2|2|||7|2012|0|8|8|8|8|8|0|40|1||1|2|4|1500|0|||||1|||||||||5|0|0|0|0|0|0|1|6|4|1|1500|0|||||1500|1500|1|455.255834043548
2020|06|017340|004|0084|11|01||4|19061101|1|1|2||1|43|6|5||1|1|7|6|2020|13|6|2020|19|12|1976|1||||||||||||||885|4663|4|5|1|15|1|6|2020|0|9|9|9|9|9|9|54|1||2|2|2|400|0|||||1|||||||||5|0|0|0|0|0|0|1|6|4|1|1732|0|||||1732|1732|1|355.862293760427
2020|06|017340|004|0085|11|01||4|19061101|1|1|2||2|54|5|4||1|1|7|6|2020|13|6|2020|6|7|1965|2|2|2||2|2|2|2|2|2|2|2|2|2||||||||||||||||||||||||||||||2|5|2|||0||1|6|0|0|0|0|0|0|1|6|4|4|||||||||1|193.263452322093
2020|06|017340|004|0085|11|02||4|19061102|3|1|1||1|36|6|5||||||||||||||||||||||||||||||||||||||||||||||||||||||||||||||||||||||||||||||||||||
2020|06|017340|004|0085|11|03||4|19061104|10|1|2||1|16|5|3||3|3|7|6|2020|13|6|2020|8|5|2004|2|2|2||2|2|2|2|2|2|2|2|2|2||||||||||||||||||||||||||||||2|4|2|||0||2|6|0|0|0|0|0|0|1|6|4|4|||||||||1|332.551239885371
2020|06|017340|004|0088|11|01||4|19061101|1|1|2||1|70|4|5||1|1|7|6|2020|13|6|2020|10|12|1949|2|2|2||2|2|2|2|2|2|2|2|2|2||||||||||||||||||||||||||||||2|5|2|||0||1|6|0|0|0|0|0|0|1|6|4|4|||||||||1|192.455166360614
2020|06|017340|004|0088|11|02||4|19061102|2|1|2||2|50|5|3||2|1|7|6|2020|13|6|2020|21|5|1970|1||||||||||||||941|9700|6||1|1|||2017|0|10|10|10|10|10|10|60|1||2|2|4|1200|668|||||1|||||||||1|0|0|0|0|0|0|1|6|4|1|1200|668|||||1868|1868|1|193.263452322093
2020|06|017340|004|0088|11|03||4|19061103|3|1|2||2|23|6|5||3|3|7|6|2020|13|6|2020|7|1|1997|2|2|2||2|2|2|2|2|2|2|2|2|2||||||||||||||||||||||||||||||2|5|2|||0||2|6|0|0|0|0|0|0|1|6|4|4|||||||||1|340.550114907788
2020|06|017340|004|0088|11|04||4|19061104|3|1|2||2|11|3||5||||||||||||||||||||||||||||||||||||||||||||||||||||||||||||||||||||||||||||||||||1|
2020|06|017340|004|0089|11|01||4|19061101|1|1|2||2|53|3||3|1|1|7|6|2020|13|6|2020|28|11|1966|1||||||||||||||574|4789|3|5|1|2|3|6|2020|0|8|8|8|8|8|8|48|1||2|2|1|27|8|||||1|||||||||6|0|0|0|0|0|0|1|6|4|1|675|200|||||875|875|1|193.263452322093
2020|06|017340|004|0089|11|02||4|19061102|3|1|2||1|25|5|3||2|4|7|6|2020|13|6|2020|12|8|1994|1||||||||||||||836|1702|4|5|1|20|||2017|0|8|8|8|8|8|8|48|1||2|2|2|230|0|||||1|||||||||1|0|0|0|0|0|0|1|6|4|1|996|0|||||996|996|1|355.862293760427
2020|06|017340|004|0089|11|03||4|19061103|3|1|2||1|22|6|5||3|4|7|6|2020|13|6|2020|9|9|1997|1||||||||||||||772|1410|4|5|1|20|15|5|2019|0|8|8|8|8|8|8|48|1||2|2|2|250|0|||||1|||||||||1|0|0|0|0|0|0|1|6|4|1|1083|0|||||1083|1083|1|332.551239885371
2020|06|017340|004|0089|11|04||4|19061105|3|1|2||2|30|6|5||4|4|7|6|2020|13|6|2020|14|8|1989|2|2|2||2|2|2|2|2|2|2|2|2|2||||||||||||||||||||||||||||||2|5|2|||0||1|6|0|0|0|0|0|0|1|6|4|4|||||||||1|326.973999450769
2020|06|017340|004|0089|11|05||4|19061106|10|1|2||1|10|3||2||||||||||||||||||||||||||||||||||||||||||||||||||||||||||||||||||||||||||||||||||1|
2020|06|017340|004|0089|11|06||4|19061107|10|1|2||1|9|3||2||||||||||||||||||||||||||||||||||||||||||||||||||||||||||||||||||||||||||||||||||1|
2020|06|017340|004|0089|11|07||4|19061108|10|1|2||2|6|2||||||||||||||||||||||||||||||||||||||||||||||||||||||||||||||||||||||||||||||||||||1|
2020|06|017340|004|0089|11|08||4|19061109|10|1|2||2|4|||||||||||||||||||||||||||||||||||||||||||||||||||||||||||||||||||||||||||||||||||||1|
2020|06|017375|001|0005|11|01||5|18061101|1|1|2||1|31|6|5||1|1|7|6|2020|13|6|2020|1|9|1988|1||||||||||||||421|5229|3|5|2||||2017|0|8|8|8|8|8|8|48|1||1|2|4|1100|0|||||1|||||||||1|0|0|0|0|0|0|1|6|4|1|1100|0|||||1100|1100|1|345.328985050179
2020|06|017375|001|0005|11|02||5|18061102|2|1|2||2|32|8|5||2|1|7|6|2020|13|6|2020|99|99|1988|1||||||||||||||244|8510|3|2|2||1|3|2019|0|8|8|8|8|8|8|48|1||2|2|4|1200|0|||||1|||||||||1|0|0|0|0|0|0|1|6|4|1|1200|0|||||1200|1200|1|317.29576678373
2020|06|017375|001|0005|11|03||5|18061103|3|1|2||2|11|3||5||||||||||||||||||||||||||||||||||||||||||||||||||||||||||||||||||||||||||||||||||1|
2020|06|017375|001|0005|11|04||5|18061104|3|1|2||2|7|3||1||||||||||||||||||||||||||||||||||||||||||||||||||||||||||||||||||||||||||||||||||1|
2020|06|017375|001|0007|11|01||5|18061101|1|1|2||1|41|6|5||1|3|7|6|2020|13|6|2020|11|1|1979|1||||||||||||||916|4781|2||1|1|||2018|0|8|8|8|8|8|8|48|1||2|2||||400|20|||1|||||||||5|0|0|0|0|0|0|1|6|4|1|||400|20|||420|420|1|345.328985050179
2020|06|017375|001|0007|11|02||5|18061102|2|1|2||2|39|6|5||2|2|7|6|2020|13|6|2020|30|4|1981|1||||||||||||||945|9609|2||1|1|||2015|0|6|6|3|3|3|2|23|1||2|2||||600|0|||1|||||||||5|0|0|0|0|0|0|1|6|4|1|||600|0|||600|600|1|317.29576678373
2020|06|017375|001|0007|11|03||5|18061103|3|1|2||1|20|7|2||3|3|7|6|2020|13|6|2020|9|2|2000|2|2|2||2|2|2|2|2|2|2|2|2|2||||||||||||||||||||||||||||||2|5|1|2||0||1|5|0|0|0|0|0|0|1|6|4|4|||||||||1|322.707924273949
2020|06|017375|001|0007|11|04||5|18061104|3|1|2||1|13|5|1|||||||||||||||||||||||||||||||||||||||||||||||||||||||||||||||||||||||||||||||||||1|
2020|06|017375|001|0007|11|05||5|18061105|3|1|2||2|7|3||1||||||||||||||||||||||||||||||||||||||||||||||||||||||||||||||||||||||||||||||||||1|
2020|06|017375|001|0008|11|01||5|18061101|1|1|2||2|41|6|5||1|1|21|6|2020|27|6|2020|2|2|1979|1||||||||||||||766|1071|2||1|2|1|6|2020|0|2|0|2|0|2|0|6|1||1|2||||260|0|||1|||||||||1|0|0|0|0|0|0|1|6|4|1|||260|0|||260|260|1|317.29576678373
2020|06|017375|001|0008|11|02||5|18061102|3|1|2||2|22|6|5||2|2|7|6|2020|13|6|2020|11|2|1998|2|2|2||2|2|2|2|2|2|2|2|2|2||||||||||||||||||||||||||||||1|||||7|2|2|5|0|0|0|0|0|0|1|6|4|2|||||||||1|330.470037432513
2020|06|017375|001|0008|11|03||5|18061103|3|1|2||1|17|6|5||3|3|7|6|2020|13|6|2020|11|4|2003|2|2|2||2|2|2|2|2|2|2|2|2|2||||||||||||||||||||||||||||||2|9|2|||0||2|5|0|0|0|0|0|0|1|6|4|4|||||||||1|322.707924273949
2020|06|017375|001|0008|11|04||5|18061104|3|1|2||2|13|5|2|||||||||||||||||||||||||||||||||||||||||||||||||||||||||||||||||||||||||||||||||||1|
2020|06|017375|002|0037|11|01||5|20061101|1|1|2||1|49|8|3||1|1|21|6|2020|27|6|2020|99|99|1971|2|2|2||2|2|2|2|2|2|2|2|2|2||||||||||||||||||||||||||||||2|5|1|1|9|0||1|5|0|0|0|0|0|0|1|6|4|4|||||||||1|140.068957358509
2020|06|017375|002|0037|11|02||5|20061102|2|1|2||2|51|4||6|2|2|14|6|2020|20|6|2020|22|11|1968|2|2|2||2|2|2|2|2|2|2|2|2|2||||||||||||||||||||||||||||||2|5|2|||0||1|5|0|0|0|0|0|0|1|6|4|4|||||||||1|140.657228247844
2020|06|017375|002|0037|11|03||5|20061103|3|1|2||1|22|9|3||3|3|14|6|2020|20|6|2020|17|1|1998|2|2|2||2|2|2|2|2|2|2|2|2|2||||||||||||||||||||||||||||||1|||||7|2|1|6|0|0|0|0|0|0|1|6|4|2|||||||||1|242.030943205462
2020|06|017375|002|0037|11|04||5|20061104|3|1|2||2|13|5|1|||||||||||||||||||||||||||||||||||||||||||||||||||||||||||||||||||||||||||||||||||1|
2020|06|017375|002|0039|11|01||5|20061101|1|1|2||2|45|4||6|1|1|14|6|2020|20|6|2020|30|3|1975|1||||||||||||||941|9700|6||1|1|18|6|2020|0|0|0|0|10|0|0|10|2|18|2|1|2|70|8|||||1|||||||||6|0|0|0|0|0|0|1|6|4|1|303|35|||||338|338|1|140.657228247844
2020|06|017375|002|0039|11|02||5|20061102|11|1|2||1|47|4||6|2|1|14|6|2020|20|6|2020|10|3|1973|2|2|2||2|2|2|2|2|2|2|2|2|2||||||||||||||||||||||||||||||2|7|2|||0||1|6|0|0|0|0|0|0|1|6|4|4|||||||||1|140.068957358509
2020|06|017375|002|0039|11|03||5|20061103|11|1|2||1|29|7|2||3|3|14|6|2020|20|6|2020|26|11|1990|1||||||||||||||832|1811|4|5|1|3|16|6|2020|0|0|8|8|0|8|0|24|2|40|1|1|2|180|0|||||1|||||||||6|0|0|0|0|0|0|1|6|4|1|779|0|||||779|779|1|258.996738787634
2020|06|017375|002|0040|11|01||5|20061101|1|1|2||2|42|6|5||1|1|14|6|2020|20|6|2020|30|5|1978|2|2|2||2|2|2|2|2|2|2|2|2|2||||||||||||||||||||||||||||||2|5|2|||0||1|5|0|0|0|0|0|0|1|6|4|4|||||||||1|237.971825087798
2020|06|017375|002|0040|11|02||5|20061102|2|1|2||1|42|6|5||2|2|21|6|2020|27|6|2020|14|3|1978|1||||||||||||||832|1811|4|5|1|5|||2014|0|9|9|9|9|9|0|45|2|50|2|2|2|280|0|||||1|||||||||1|0|0|0|0|0|0|1|6|4|1|1212|0|||||1212|1212|1|258.996738787634
2020|06|017375|002|0040|11|03||5|20061103|3|1|2||2|15|5|3||3|3|14|6|2020|20|6|2020|4|10|2004|2|2|2||2|2|2|2|2|2|2|2|2|2||||||||||||||||||||||||||||||2|4|2|||0||2|5|0|0|0|0|0|0|1|6|4|4|||||||||1|247.852528074384
2020|06|017375|002|0040|11|04||5|20061104|11|1|2||1|22|7|1||4|4|14|6|2020|20|6|2020|12|8|1997|2|2|2||2|2|2|2|2|2|2|2|2|2||||||||||||||||||||||||||||||2|5|1|2||0||1|5|0|0|0|0|0|0|1|6|4|4|||||||||1|242.030943205462
2020|06|017375|002|0045|11|01||5|20061101|1|1|2||2|41|6|5||1|1|21|6|2020|27|6|2020|26|10|1978|2|2|2||2|2|2|2|2|2|2|2|2|2||||||||||||||||||||||||||||||2|5|2|||0||1|5|0|0|0|0|0|0|1|6|4|4|||||||||1|237.971825087798
2020|06|017375|002|0045|11|02||5|20061102|3|1|2||2|20|9|2||2|2|21|6|2020|27|6|2020|6|3|2000|2|2|2||2|2|2|2|2|2|2|2|2|2||||||||||||||||||||||||||||||2|4|1|1|9|0||2|5|0|0|0|0|0|0|1|6|4|4|||||||||1|247.852528074384
2020|06|017375|002|0045|11|03||5|20061103|3|1|2||1|13|5|1|||||||||||||||||||||||||||||||||||||||||||||||||||||||||||||||||||||||||||||||||||1|
2020|06|017379|004|0161|11|01||5|19061101|1|1|2||1|34|4||6|1|1|24|5|2020|30|5|2020|24|6|1985|2|2|2||2|2|2|2|2|2|2|2|2|2||||||||||||||||||||||||||||||2|5|2|||0||1|5|0|0|0|0|0|0|1|6|4|4|||||||||1|370.310230777213
2020|06|017379|004|0161|11|02||5|19061102|2|1|2||2|31|4||6|2|2|24|5|2020|30|5|2020|5|12|1988|2|2|2||2|2|2|2|2|2|2|2|2|2||||||||||||||||||||||||||||||2|5|2|||0||1|5|0|0|0|0|0|0|1|6|1|4|||||||||1|340.24907757234
2020|06|017379|004|0161|11|03||5|19061103|3|1|2||2|11|3||5||||||||||||||||||||||||||||||||||||||||||||||||||||||||||||||||||||||||||||||||||1|
2020|06|017379|004|0163|11|01||5|19061101|1|1|2||1|38|6|5||1|1|31|5|2020|6|6|2020|21|11|1981|1||||||||||||||885|4921|4|5|1|2|||2018|0|10|10|0|10|0|10|40|2|60|2|2|1|160|0|||||1|||||||||5|0|0|0|0|0|0|1|6|4|1|4000|0|||||4000|4000|1|370.310230777213
2020|06|017379|004|0163|11|02||5|19061102|2|1|2||2|36|3||2|2|2|24|5|2020|30|5|2020|28|2|1984|2|2|2||2|2|2|2|2|2|2|2|2|2||||||||||||||||||||||||||||||2|5|2|||0||1|5|0|0|0|0|0|0|1|6|4|4|||||||||1|340.24907757234
2020|06|017379|004|0163|11|03||5|19061103|3|1|2||1|16|6|5||3|3|24|5|2020|30|5|2020|7|7|2003|2|2|2||2|2|2|2|2|2|2|2|2|2||||||||||||||||||||||||||||||2|5|1|2||0||1|5|0|0|0|0|0|0|1|6|4|4|||||||||1|346.052752838447
2020|06|017379|004|0163|11|04||5|19061104|3|1|2||2|9|3||3||||||||||||||||||||||||||||||||||||||||||||||||||||||||||||||||||||||||||||||||||1|
2020|06|017379|004|0163|11|05||5|19061105|3|1|2||2|6|2||||||||||||||||||||||||||||||||||||||||||||||||||||||||||||||||||||||||||||||||||||1|
2020|06|017457|004|0124|11|01||3|19061102|1|1|2||2|73|3|3||1|3|14|6|2020|20|6|2020|12|7|1946|2|2|2||2|2|2|2|2|2|2|2|2|2||||||||||||||||||||||||||||||2|5|2|||0||1|6|0|0|0|0|0|0|1|6|4|4|||||||||1|263.732302964707
2020|06|017457|004|0124|11|02||3|19061103|3|1|2||1|36|5|4||2|3|14|6|2020|20|6|2020|28|6|1983|1||||||||||||||931|4921|2||1|1|1|6|2020|0|0|6|6|0|6|0|18|2|24|1|1||||260|0|||1|||||||||5|0|0|0|0|0|0|1|6|4|1|||260|0|||260|260|1|485.618885226814
2020|06|017457|004|0124|11|03||3|19061104|3|1|2||2|49|6|5||3|3|14|6|2020|20|6|2020|17|11|1970|2|2|2||2|2|2|2|2|2|2|2|2|2||||||||||||||||||||||||||||||2|5|1|2||0||1|6|0|0|0|0|0|0|1|6|4|4|||||||||1|263.732302964707
2020|06|017457|004|0124|11|04||3|19061105|10|1|2||1|12|3||5||||||||||||||||||||||||||||||||||||||||||||||||||||||||||||||||||||||||||||||||||1|
2020|06|017457|004|0124|11|05||3|19061106|10|1|2||1|5|1||||||||||||||||||||||||||||||||||||||||||||||||||||||||||||||||||||||||||||||||||||1|
2020|06|017457|004|0125|11|01||3|19061101|1|1|2||1|54|8|3||1|1|7|6|2020|13|6|2020|3|12|1965|1||||||||||||||572|4772|5|5|1|2|||2007|0|8|8|8|8|8|8|48|1||1|2|||||||||||||||||5|0|0|0|0|0|0|1|6|4|1|||||||0|0|1|262.629295047205
2020|06|017457|004|0125|11|02||3|19061102|2|1|2||2|53|8|3||2|2|14|6|2020|20|6|2020|10|12|1966|1||||||||||||||351|4772|2||1|2|||2008|0|5|5|5|5|5|4|29|1||1|1||||1500|60|||1|||||||||5|0|0|0|0|0|0|1|6|4|1|||1500|60|||1560|1560|1|263.732302964707
2020|06|017457|004|0125|11|03||3|19061103|3|1|2||1|24|10|5||3|1|14|6|2020|20|6|2020|14|10|1995|1||||||||||||||572|4772|3|5|1|20|15|12|2019|0|8|8|8|8|8|8|48|1||1|2|4|1200|0|||||1|||||||||5|0|0|0|0|0|0|1|6|4|1|1200|0|||||1200|1200|1|453.80801851024
2020|06|017457|004|0125|11|04||3|19061104|3|1|2||1|23|10|5||4|4|14|6|2020|20|6|2020|22|6|1997|2|2|2||2|2|2|2|2|2|2|2|2|2||||||||||||||||||||||||||||||1|||||7|4|1|5|0|0|0|0|0|0|1|6|4|2|||||||||1|453.80801851024
2020|06|017483|001|0001|11|01||4|18061101|1|1|2||2|41|5|2||1|1|14|6|2020|20|6|2020|14|9|1978|2|2|2||2|2|2|2|2|2|2|2|2|2||||||||||||||||||||||||||||||2|5|1|2||0||1|5|0|0|0|0|0|0|1|6|4|4|||||||||1|397.762184898873
2020|06|017483|001|0001|11|02||4|18061102|3|1|2||1|22|1|||2|2|14|6|2020|20|6|2020|11|3|1998|2|2|2||2|2|2|2|2|2|2|2|2|2||||||||||||||||||||||||||||||2|5|2|||0||2|6|0|0|0|0|0|0|1|6|4|4|||||||||1|404.546869138904
2020|06|017483|001|0001|11|03||4|18061104|3|1|2||2|19|6|5||3|3|14|6|2020|20|6|2020|3|2|2001|2|2|2||2|2|2|2|2|2|2|2|2|2||||||||||||||||||||||||||||||2|5|2|||0||1|6|0|0|0|0|0|0|1|6|4|4|||||||||1|414.27745937236
2020|06|017483|001|0001|11|04||4|18061105|3|1|2||1|15|5|4||4|4|14|6|2020|20|6|2020|4|7|2004|2|2|2||2|2|2|2|2|2|2|2|2|2||||||||||||||||||||||||||||||2|4|2|||0||2|6|0|0|0|0|0|0|1|6|4|4|||||||||1|404.546869138904
2020|06|017483|001|0001|11|05||4|18061106|3|1|2||2|14|5|2||5|5|14|6|2020|20|6|2020|4|6|2006|2|2|2||2|2|2|2|2|2|2|2|2|2||||||||||||||||||||||||||||||2|4|2|||0||2|6|0|0|0|0|0|0|1|6|4|4|||||||||1|414.27745937236
2020|06|017483|001|0001|11|06||4|18061107|3|1|2||1|11|3||3||||||||||||||||||||||||||||||||||||||||||||||||||||||||||||||||||||||||||||||||||1|
2020|06|017483|001|0001|11|07||4|20061107|3|2||1|1|20|6|5||7|7|14|6|2020|20|6|2020|30|10|1999|2|2|2||2|2|2|2|2|2|2|2|2|2||||||||||||||||||||||||||||||2|5|1|2||0||1|5|0|0|0|0|0|0|1|6|4|4|||||||||1|404.546869138904
2020|06|017483|001|0001|11|08||4|20061108|4|2||1|2|21|6|5||8|8|14|6|2020|20|6|2020|12|12|1998|2|2|2||2|2|2|2|2|2|2|2|2|2||||||||||||||||||||||||||||||2|5|1|1|6|0||1|6|0|0|0|0|0|0|1|6|4|4|||||||||1|414.27745937236
2020|06|017483|001|0001|11|09||4|20061109|10|2||1|2|0|||||||||||||||||||||||||||||||||||||||||||||||||||||||||||||||||||||||||||||||||||||1|
2020|06|017483|001|0002|11|01||4|18061101|1|1|2||1|48|6|5||1|1|14|6|2020|20|6|2020|26|5|1972|2|1|||||||||||||749|1394|4|5|1|50|||2002|0|0|0|0|0|0|0|0|2|48|1|2|4|930|0|||||1|||||||||5|0|0|0|0|0|0|1|6|4|1|930|0|||||930|930|1|234.120717840747
2020|06|017483|001|0002|11|02||4|18061102|2|1|2||2|37|6|5||2|2|14|6|2020|20|6|2020|11|1|1983|1||||||||||||||523|5610|3|5|1|5|||2005|9|9|9|9|9|0|9|54|1||1|2|1|60|9|||||1|||||||||5|0|0|0|0|0|0|1|6|4|1|1500|225|||||1725|1725|1|397.762184898873
2020|06|017483|001|0002|11|03||4|18061103|3|1|2||2|15|5|3||3|3|14|6|2020|20|6|2020|11|9|2004|2|2|2||2|2|2|2|2|2|2|2|2|2||||||||||||||||||||||||||||||2|4|2|||0||2|5|0|0|0|0|0|0|1|6|4|4|||||||||1|414.27745937236
2020|06|017483|001|0002|11|04||4|18061104|3|1|2||1|9|3||2||||||||||||||||||||||||||||||||||||||||||||||||||||||||||||||||||||||||||||||||||1|
2020|06|017483|001|0003|11|01||4|18061101|1|1|2||1|56|5|3||1|1|14|6|2020|20|6|2020|5|7|1963|1||||||||||||||983|4100|4|5|1|2|8|6|2020|0|4|0|4|0|0|4|12|2|40|2|2|2|90|0|||||1|||||||||6|0|0|0|0|0|0|1|6|4|1|390|0|||||390|390|1|234.120717840747
2020|06|017483|001|0003|11|02||4|18061102|2|1|2||2|45|6|5||2|2|14|6|2020|20|6|2020|16|9|1974|2|2|2||2|2|2|2|2|2|2|2|2|2||||||||||||||||||||||||||||||2|5|1|2||0||1|6|0|0|0|0|0|0|1|6|4|4|||||||||1|235.103993546464
2020|06|017483|001|0003|11|03||4|18061103|3|1|2||2|22|7|2||3|3|14|6|2020|20|6|2020|2|1|1998|2|2|2||2|2|2|2|2|2|2|2|2|2||||||||||||||||||||||||||||||2|5|1|2||0||1|6|0|0|0|0|0|0|1|6|4|4|||||||||1|414.27745937236
2020|06|017483|001|0003|11|04||4|18061104|3|1|2||2|16|5|4||4|4|14|6|2020|20|6|2020|22|6|2004|2|2|2||2|2|2|2|2|2|2|2|2|2||||||||||||||||||||||||||||||2|4|2|||0||2|6|0|0|0|0|0|0|1|6|4|4|||||||||1|414.27745937236
2020|06|017483|001|0003|11|05||4|18061105|3|1|2||2|8|3||2||||||||||||||||||||||||||||||||||||||||||||||||||||||||||||||||||||||||||||||||||1|
2020|06|017483|001|0004|11|01||4|18061101|1|1|2||1|44|5|4||1|1|14|6|2020|20|6|2020|15|2|1976|1||||||||||||||885|4922|2||1|1|||2014|0|10|10|10|10|10|10|60|1||1|2||||2078|0|||1|||||||||6|0|0|0|0|0|0|1|6|4|1|||2078|0|||2078|2078|1|432.904646017839
2020|06|017483|001|0004|11|02||4|18061102|2|1|2||2|44|5|4||2|2|14|6|2020|20|6|2020|4|8|1975|1||||||||||||||522|5610|4|5|1|7|||2014|8|8|8|8|0|8|8|48|1||1|2|2|200|54|||||1|||||||||6|0|0|0|0|0|0|1|6|4|1|866|234|||||1100|1100|1|397.762184898873
2020|06|017483|001|0004|11|03||4|18061103|3|1|2||1|21|7|1||3|3|14|6|2020|20|6|2020|29|6|1998|2|1|||||||||||||942|5629|4|4|2|||3|2019|0|0|0|0|0|0|0|0|2|48|2|2|4|0|0|||||1|||||||||1|0|0|0|0|0|0|1|6|4|1|0|0|||||0|0|1|404.546869138904
2020|06|017483|001|0004|11|04||4|18061104|3|1|2||2|16|5|4||4|4|7|6|2020|13|6|2020|10|6|2004|2|2|2||2|2|2|2|2|2|2|2|2|2||||||||||||||||||||||||||||||2|4|2|||0||2|6|0|0|0|0|0|0|1|6|4|4|||||||||1|414.27745937236
2020|06|017483|001|0004|11|05||4|18061105|3|1|2||1|7|3||1||||||||||||||||||||||||||||||||||||||||||||||||||||||||||||||||||||||||||||||||||1|
2020|06|017483|002|0024|11|01||4|20061101|1|1|1||1|69|6|5||||||||||||||||||||||||||||||||||||||||||||||||||||||||||||||||||||||||||||||||||||
2020|06|017483|002|0024|11|02||4|20061102|2|1|2||2|68|4|5||2|2|24|5|2020|30|5|2020|26|1|1952|2|2|2||2|2|2|2|2|2|2|2|2|2||||||||||||||||||||||||||||||2|5|2|||0||1|6|0|0|0|0|0|0|1|1|1|4|||||||||1|235.103993546464
2020|06|017483|002|0024|11|03||4|20061103|3|1|2||1|39|6|5||3|3|24|5|2020|30|5|2020|4|4|1981|2|2|2||2|2|2|2|2|2|2|2|2|2||||||||||||||||||||||||||||||2|5|2|||0||1|5|0|0|0|0|0|0|1|1|4|4|||||||||1|432.904646017839
2020|06|017483|002|0024|11|04||4|20061104|3|1|2||1|26|6|5||4|3|31|5|2020|6|6|2020|28|1|1994|2|2|2||2|2|2|2|2|2|2|2|2|2||||||||||||||||||||||||||||||1|||||7|4|1|5|0|0|0|0|0|0|1|6|4|2|||||||||1|432.904646017839
2020|06|017483|002|0026|11|01||4|20061101|1|1|2||2|43|6|5||1|1|31|5|2020|6|6|2020|30|7|1976|1||||||||||||||945|8411|4|2|2||||2018|0|8|8|8|8|8|8|48|1||2|2|4|930|0|||||1|||||||||1|0|0|0|0|0|0|1|1|1|1|930|0|||||930|930|1|397.762184898873
2020|06|017483|002|0026|11|02||4|20061102|3|1|2||2|20|6|5||2|2|31|5|2020|6|6|2020|6|9|1999|1||||||||||||||574|4781|3|5|1|4|||2016|0|0|8|0|0|0|0|8|2|48|1|2|2|30|8|||||1|||||||||5|0|0|0|0|0|0|1|6|4|1|130|35|||||165|165|1|414.27745937236
2020|06|017483|002|0026|11|03||4|20061103|3|1|2||1|19|5|2||3|3|31|5|2020|6|6|2020|29|4|2001|1||||||||||||||945|8411|4|2|2||15|3|2020|0|8|8|8|8|8|8|48|1||2|2|4|950|0|||||1|||||||||1|0|0|0|0|0|0|1|6|4|1|950|0|||||950|950|1|404.546869138904
2020|06|017483|002|0026|11|04||4|20061104|3|1|2||2|12|3||5||||||||||||||||||||||||||||||||||||||||||||||||||||||||||||||||||||||||||||||||||1|
2020|06|017483|002|0029|11|01||4|20061101|1|1|2||1|59|6|5||1|1|31|5|2020|6|6|2020|3|3|1961|2|2|2||2|2|2|2|2|2|2|2|2|2||||||||||||||||||||||||||||||2|5|1|2||0||1|6|0|0|0|0|0|0|1|6|4|4|||||||||1|234.120717840747
2020|06|017483|002|0029|11|02||4|20061102|2|1|2||2|60|6|5||2|2|31|5|2020|6|6|2020|10|9|1959|2|1|||||||||||||952|8510|3|2|2||||1995|0|0|0|0|0|0|0|0|2|40|1|2|4|930|0|||||1|||||||||1|0|0|0|0|0|0|1|6|4|1|930|0|||||930|930|1|235.103993546464
2020|06|017483|002|0029|11|03||4|20061103|3|1|2||1|29|6|5||3|2|31|5|2020|6|6|2020|14|3|1991|1||||||||||||||885|4922|2||1|1|||2018|0|8|0|8|0|8|0|24|1||2|2||||390|0|||1|||||||||6|0|0|0|0|0|0|1|6|4|1|||390|0|||390|390|1|432.904646017839
2020|06|017483|002|0029|11|04||4|20061104|3|1|2||1|23|9|3||4|4|31|5|2020|6|6|2020|27|12|1996|2|2|2||2|2|2|2|2|2|2|2|2|2||||||||||||||||||||||||||||||2|4|2|||0||1|6|0|0|0|0|0|0|1|6|4|4|||||||||1|404.546869138904
2020|06|017483|002|0032|11|01||4|20061101|1|1|2||1|78|4|5||1|1|24|5|2020|30|5|2020|15|4|1942|2|2|2||2|2|2|2|2|2|2|2|2|2||||||||||||||||||||||||||||||2|5|2|||0||1|6|0|0|0|0|0|0|1|1|1|4|||||||||1|234.120717840747
2020|06|017483|002|0032|11|02||4|20061102|3|1|2||2|44|3||2|2|1|31|5|2020|6|6|2020|31|12|1975|2|2|2||2|2|2|2|2|2|2|2|2|2||||||||||||||||||||||||||||||2|7|2|||0||2|6|0|0|1|0|1|1|0|6|4|4|||||||||1|397.762184898873
2020|06|017483|002|0032|11|03||4|20061103|10|1|2||2|17|1|||3|1|31|5|2020|6|6|2020|17|11|2002|2|2|2||2|2|2|2|2|2|2|2|2|2||||||||||||||||||||||||||||||2|7|2|||0||2|6|0|0|0|0|0|1|0|6|4|4|||||||||1|414.27745937236
2020|06|017483|002|0032|11|04||4|20061104|10|1|2||2|7|2||||||||||||||||||||||||||||||||||||||||||||||||||||||||||||||||||||||||||||||||||||1|
2020|06|017483|002|0032|11|05||4|20061105|10|1|2||1|25|5|3||5|5|31|5|2020|6|6|2020|7|5|1995|1||||||||||||||541|9602|2||1|1|15|2|2020|0|0|0|0|0|2|0|2|1||1|2||||60|0|||1|||||||||5|0|0|0|0|0|0|1|6|4|1|||60|0|||60|60|1|432.904646017839
2020|06|017486|004|0099|11|01||1|19061101|1|1|2||1|62|6|5||1|1|31|5|2020|6|6|2020|3|8|1957|2|2|2||2|2|2|2|2|2|2|2|2|2||||||||||||||||||||||||||||||1|||||7|4|1|5|0|0|0|0|0|0|1|6|4|2|||||||||1|188.554365674916
2020|06|017486|004|0099|11|02||1|19061102|11|1|2||1|55|10|5||2|0|31|5|2020|6|6|2020|||||||||||||||||||||||||||||||||||||||||||||||||||||||||||||||||0|||||||||1|0
2020|06|017486|004|0099|11|03||1|19061103|11|1|2||2|59|8|3||3|4|31|5|2020|6|6|2020|18|11|1960|2|1|||||||||||||413|8411|3|2|2||||2000|0|0|0|0|0|0|0|0|2|48|2|2|4|2000|0|||||1|||||||||1|0|0|0|0|0|0|1|6|4|1|2000|0|||||2000|2000|1|189.346268795174
2020|06|017486|004|0099|11|04||1|19061104|6|1|2||1|31|10|5||4|4|31|5|2020|6|6|2020|27|5|1989|2|2|2||2|2|2|2|2|2|2|2|2|2||||||||||||||||||||||||||||||1|||||7|4|1|2|0|0|0|0|0|0|1|6|4|2|||||||||1|348.649456060277
2020|06|017486|004|0100|11|01||1|19061101|1|1|2||1|87|5|4||1|1|31|5|2020|6|6|2020|14|4|1933|2|2|2||2|2|2|2|2|2|2|2|2|2||||||||||||||||||||||||||||||2|9|2|||0||1|6|1|0|0|0|0|0|0|6|4|4|||||||||1|188.554365674916
2020|06|017486|004|0100|11|02||1|19061102|3|1|2||2|53|6|5||2|2|31|5|2020|6|6|2020|17|8|1966|2|2|2||2|2|2|2|2|2|2|2|2|2||||||||||||||||||||||||||||||2|5|2|||0||1|1|0|0|0|0|0|0|1|6|4|4|||||||||1|189.346268795174
2020|06|017486|004|0100|11|03||1|19061104|10|1|2||1|20|7|2||3|3|31|5|2020|6|6|2020|27|4|2000|2|2|2||2|2|2|2|2|2|2|2|2|2||||||||||||||||||||||||||||||1|||||7|4|1|5|0|0|0|0|0|0|1|6|4|2|||||||||1|325.810885084275
2020|06|017486|004|0100|11|04||1|19061105|10|1|2||2|28|6|5||4|4|31|5|2020|6|6|2020|22|12|1991|2|2|2||2|2|2|2|2|2|2|2|2|2||||||||||||||||||||||||||||||1|||||7|4|1|1|0|0|0|0|0|0|1|6|4|2|||||||||1|320.346687618189
2020|06|017486|004|0100|11|05||1|19061106|6|1|2||1|8|3||2||||||||||||||||||||||||||||||||||||||||||||||||||||||||||||||||||||||||||||||||||1|
2020|06|017486|004|0101|11|01||1|19061101|1|1|2||2|51|8|3||1|1|24|5|2020|30|5|2020|11|8|1968|2|2|2||2|2|2|2|2|2|2|2|2|2||||||||||||||||||||||||||||||1|||||7|1|1|6|0|0|0|0|0|0|1|6|4|2|||||||||1|189.346268795174
2020|06|017486|004|0101|11|02||1|19061102|3|1|1||1|30|6|5||||||||||||||||||||||||||||||||||||||||||||||||||||||||||||||||||||||||||||||||||||
2020|06|017486|004|0101|11|03||1|19061103|3|1|2||2|29|9|4||3|3|24|5|2020|30|5|2020|4|12|1990|2|2|2||2|2|2|2|2|2|2|2|2|2||||||||||||||||||||||||||||||2|4|2|||0||1|5|0|0|0|0|0|0|1|6|4|4|||||||||1|320.346687618189
2020|06|017490|001|0016|11|01||5|19061101|1|1|2||1|56|9|2||1|2|31|5|2020|6|6|2020|24|9|1963|1||||||||||||||785|4390|4|5|2||||2017|0|8|8|8|8|8|8|48|1||2|2|2|500|0|||||1|||||||||1|0|0|0|0|0|0|1|6|4|1|2165|0|||||2165|2165|1|635.988779357556
2020|06|017490|001|0016|11|02||5|19061102|2|1|2||2|51|8|3||2|2|31|5|2020|6|6|2020|15|8|1968|2|2|2||2|2|2|2|2|2|2|2|2|2||||||||||||||||||||||||||||||2|5|1|2||0||1|1|0|0|0|0|0|0|1|6|4|4|||||||||1|638.659847179399
2020|06|017490|001|0016|11|03||5|19061103|3|1|2||1|25|7|1||3|2|31|5|2020|6|6|2020|18|2|1995|2|2|2||2|2|2|2|2|2|2|2|2|2||||||||||||||||||||||||||||||1|||||3|2|1|5|0|0|0|0|0|0|1|6|4|2|||||||||1|1175.98519233304
2020|06|017490|001|0016|11|04||5|19061104|3|1|2||2|20|9|1||4|4|31|5|2020|6|6|2020|99|99|2000|2|2|2||2|2|2|2|2|2|2|2|2|2||||||||||||||||||||||||||||||2|4|2|||0||1|5|0|0|0|0|0|0|1|6|4|4|||||||||1|1125.38445179721
2020|06|017529|004|0090|11|01||5|19061101|1|1|2||2|48|6|5||1|1|7|6|2020|13|6|2020|7|6|1972|1||||||||||||||912|5610|2||1|2|||2010|0|9|9|9|9|9|9|54|1||1|2||||1039|156|||1|||||||||6|0|0|0|0|0|0|1|1|1|1|||1039|156|||1195|1195|1|301.024386568634
2020|06|017529|004|0090|11|02||5|19061102|3|1|1||1|18|5|4||||||||||||||||||||||||||||||||||||||||||||||||||||||||||||||||||||||||||||||||||||
2020|06|017529|004|0090|11|03||5|19061103|11|1|2||1|40|6|5||3|3|7|6|2020|13|6|2020|18|11|1979|1||||||||||||||952|9499|3|5|1|4|||2017|0|9|9|9|9|9|9|54|1||2|2|4|930|0|||||1|||||||||6|0|0|0|0|0|0|1|1|1|1|930|0|||||930|930|1|554.286014220669
2020|06|017529|004|0093|11|01||5|19061101|1|1|2||2|87|3|3||1|2|7|6|2020|13|6|2020|15|3|1933|2|2|2||2|2|2|2|2|2|2|2|2|2||||||||||||||||||||||||||||||2|9|2|||0||1|6|0|0|0|0|0|0|1|6|4|4|||||||||1|301.024386568634
2020|06|017529|004|0093|11|02||5|19061102|3|1|2||1|43|8|3||2|2|7|6|2020|13|6|2020|8|12|1976|1||||||||||||||321|9511|2||1|1|||2018|0|0|0|4|0|4|0|8|2|30|1|2||||350|0|||1|||||||||6|0|0|0|0|0|0|1|6|4|1|||350|0|||350|350|1|554.286014220669
2020|06|017540|004|0092|11|01||4|19061101|1|1|2||1|64|4|5||1|3|14|6|2020|20|6|2020|4|10|1955|2|2|2||2|2|2|2|2|2|2|2|2|2||||||||||||||||||||||||||||||2|9|1|2||0||1|6|0|0|0|0|0|0|1|6|4|4|||||||||1|219.417484353164
2020|06|017540|004|0092|11|02||4|19061102|2|1|2||2|58|3|4||2|3|14|6|2020|20|6|2020|5|6|1962|2|2|2||2|2|2|2|2|2|2|2|2|2||||||||||||||||||||||||||||||2|5|2|||0||1|6|0|0|0|0|0|0|1|6|4|4|||||||||1|220.339008444512
2020|06|017540|004|0092|11|03||4|19061103|3|1|2||2|29|6|5||3|3|14|6|2020|20|6|2020|24|3|1991|2|2|2||2|2|2|2|2|2|2|2|2|2||||||||||||||||||||||||||||||2|5|1|2||0||1|1|0|0|0|0|0|0|1|6|4|4|||||||||1|372.781951064644
2020|06|017540|004|0092|11|04||4|20061104|4|1|2||1|31|8|3||4|4|14|6|2020|20|6|2020|28|6|1988|1||||||||||||||391|7310|3|5|1|5|6|6|2020|0|10|10|10|10|10|6|56|1||1|1|4|1600|0|||||1|||||||||1|0|0|0|0|0|0|1|6|4|1|1600|0|||||1600|1600|1|405.717397717202
2020|06|017540|004|0092|11|05||4|20061105|10|1|2||2|0|||||||||||||||||||||||||||||||||||||||||||||||||||||||||||||||||||||||||||||||||||||1|
2020|06|017540|004|0094|11|01||4|19061101|1|1|2||1|51|8|3||1|1|14|6|2020|20|6|2020|24|2|1969|2|2|2||2|2|2|2|2|2|2|2|2|2||||||||||||||||||||||||||||||1|||||3|3|1|6|0|0|0|0|0|0|1|1|4|2|||||||||1|219.417484353164
2020|06|017540|004|0094|11|02||4|19061102|2|1|2||2|43|4||6|2|2|14|6|2020|20|6|2020|5|4|1977|2|2|2||2|2|2|2|2|2|2|2|2|2||||||||||||||||||||||||||||||1|||||3|3|1|6|0|0|0|0|0|0|1|6|4|2|||||||||1|372.781951064644
2020|06|017540|004|0094|11|03||4|19061103|3|1|2||2|19|6|5||3|3|14|6|2020|20|6|2020|29|6|2000|2|2|2||2|2|2|2|2|2|2|2|2|2||||||||||||||||||||||||||||||2|5|2|||0||1|6|0|0|0|0|0|0|1|6|4|4|||||||||1|388.260034387623
2020|06|017540|004|0094|11|04||4|19061104|3|1|2||1|15|4||6|4|2|14|6|2020|20|6|2020|16|2|2005|2|2|2||2|2|2|2|2|2|2|2|2|2||||||||||||||||||||||||||||||2|7|2|||0||2|6|0|0|1|0|0|1|0|6|4|4|||||||||1|379.140544023901
2020|06|017540|004|0096|11|01||4|19061101|1|1|2||1|37|1|||1|1|14|6|2020|20|6|2020|22|9|1982|1||||||||||||||983|4100|4|5|1|2|19|6|2020|0|0|0|0|0|10|0|10|2|48|1|1|2|50|0|||||1|||||||||6|0|0|0|0|0|0|1|6|4|1|217|0|||||217|217|1|405.717397717202
